{"cameraMode":{"drawMode":0,"name":"Shaded","section":"Shading Mode"},"sceneLighting":true,"audioPlay":false,"sceneViewState":{"showFog":false,"showMaterialUpdate":false,"showSkybox":true,"showFlares":false,"showImageEffects":false,"showParticleSystems":false,"showVisualEffectGraphs":true,"m_FxEnabled":true},"in2DMode":false,"pivot":{"x":0.5580001473426819,"y":-5.770188808441162,"z":5.199678897857666},"rotation":{"x":-0.28143659234046938,"y":-0.010941428132355214,"z":0.003209517104551196,"w":-0.9595140814781189},"size":11.600505828857422,"orthographic":false}