{"cameraMode":{"drawMode":0,"name":"Shaded","section":"Shading Mode"},"sceneLighting":true,"audioPlay":false,"sceneViewState":{"showFog":false,"showMaterialUpdate":false,"showSkybox":true,"showFlares":false,"showImageEffects":false,"showParticleSystems":false,"showVisualEffectGraphs":true,"m_FxEnabled":true},"in2DMode":false,"pivot":{"x":-0.6776797771453857,"y":1.1716156005859376,"z":0.9456844329833984},"rotation":{"x":0.2649606168270111,"y":-0.04770695045590401,"z":0.013126283884048462,"w":0.9629892110824585},"size":11.927630424499512,"orthographic":false}